Date/time (UTC);Propagation time (ns)
2022-01-18 12:00:00;8834.410714285534
2022-01-18 13:00:00;8836.566666666253
2022-01-18 14:00:00;8834.558333332905
2022-01-18 15:00:00;8835.716666666382
2022-01-18 16:00:00;8836.23333333266
2022-01-18 17:00:00;8834.874999999782
2022-01-18 18:00:00;8836.050000000061
2022-01-18 19:00:00;8835.975000000157
2022-01-18 20:00:00;8835.191666666513
2022-01-18 21:00:00;8835.933333333107
2022-01-18 22:00:00;8835.874999999458
2022-01-18 23:00:00;8835.924999999432
2022-01-19 00:00:00;8835.858333333032
2022-01-19 01:00:00;8836.033333333171
2022-01-19 02:00:00;8836.241666666221
2022-01-19 03:00:00;8836.308333333112
2022-01-19 04:00:00;8835.608333333019
2022-01-19 05:00:00;8836.374999999369
2022-01-19 06:00:00;8835.516666666139
2022-01-19 07:00:00;8836.3416666664
2022-01-19 08:00:00;8835.541666666215
2022-01-19 09:00:00;8836.149999999545
2022-01-19 10:00:00;8835.174999999797
2022-01-19 11:00:00;8836.133333333119
2022-01-19 12:00:00;8836.333333332695
2022-01-19 13:00:00;8836.008333332693
2022-01-19 14:00:00;8836.074999999526
2022-01-19 15:00:00;8836.083333332885
2022-01-19 16:00:00;8835.766666666499
2022-01-19 17:00:00;8835.98333333259
2022-01-19 18:00:00;8836.524999999348
2022-01-19 19:00:00;8835.74999999987
2022-01-19 20:00:00;8836.458333333207
2022-01-19 21:00:00;8835.20833333343
2022-01-19 22:00:00;8836.16666666649
2022-01-19 23:00:00;8836.18333333286
2022-01-20 00:00:00;8836.516666666133
2022-01-20 01:00:00;8835.833333333276
2022-01-20 02:00:00;8835.525000000047
2022-01-20 03:00:00;8836.266666666728
2022-01-20 04:00:00;8834.258333333035
2022-01-20 05:00:00;8835.741666666398
2022-01-20 06:00:00;8839.074999999884
2022-01-20 07:00:00;8846.200000000441
2022-01-20 08:00:00;8846.816666666986
2022-01-20 09:00:00;8846.641509434658
2022-01-20 10:00:00;8848.800000001069
2022-01-20 11:00:00;8849.313725490652
2022-01-20 12:00:00;8848.410000001013
2022-01-20 13:00:00;8848.100000000959
2022-01-20 14:00:00;8847.94186046544
2022-01-20 15:00:00;8848.117021276848
2022-01-20 16:00:00;8848.255102041183
2022-01-20 17:00:00;8848.47000000077
2022-01-20 18:00:00;8848.423913044207
2022-01-20 19:00:00;8848.345454545966
2022-01-20 20:00:00;8848.323529412639
2022-01-20 21:00:00;8846.554347827308
2022-01-20 22:00:00;8848.18750000123
2022-01-20 23:00:00;8847.462500000687
2022-01-21 00:00:00;8849.125000000617
2022-01-21 01:00:00;8847.972972974037
2022-01-21 02:00:00;8846.953488373018
2022-01-21 03:00:00;8847.868421053283
2022-01-21 04:00:00;8847.36842105327
2022-01-21 05:00:00;8847.760000000593
2022-01-21 06:00:00;8847.602040817037
2022-01-21 07:00:00;8848.13265306208
2022-01-21 08:00:00;8847.864583334156
2022-01-21 09:00:00;8848.64583333418
2022-01-21 10:00:00;8848.519607844115
2022-01-21 11:00:00;8848.382978723923
2022-01-21 12:00:00;8847.864583334156
2022-01-21 13:00:00;8847.788888889998
2022-01-21 14:00:00;8847.585106383696
2022-01-21 15:00:00;8848.430232558974
2022-01-21 16:00:00;8847.421052632282
2022-01-21 17:00:00;8848.767441861444
2022-01-21 18:00:00;8848.580357143986
2022-01-21 19:00:00;8847.480392157571
2022-01-21 20:00:00;8847.407894737553
2022-01-21 21:00:00;8847.18478260932
2022-01-21 22:00:00;8848.038461539645
2022-01-21 23:00:00;8846.346153847027
2022-01-22 00:00:00;8846.951219513241
2022-01-22 01:00:00;8847.113636364482
2022-01-22 02:00:00;8848.378048781586
2022-01-22 03:00:00;8848.03409090953
2022-01-22 04:00:00;8847.642857143705
2022-01-22 05:00:00;8846.843137255639
2022-01-22 06:00:00;8847.400000000389
2022-01-22 07:00:00;8848.191489362172
2022-01-22 08:00:00;8848.122222222963
2022-01-22 09:00:00;8848.155555556508
2022-01-22 10:00:00;8848.113636364113
2022-01-22 11:00:00;8847.986486487358
2022-01-22 12:00:00;8846.796296296565
2022-01-22 13:00:00;8848.660377358874
2022-01-22 14:00:00;8847.679245283232
2022-01-22 15:00:00;8847.516949153038
2022-01-22 16:00:00;8847.470588235972
2022-01-22 17:00:00;8848.271739130676
2022-01-22 18:00:00;8846.943181818486
2022-01-22 19:00:00;8847.574468085422
2022-01-22 20:00:00;8849.170731707702
2022-01-22 21:00:00;8846.925000000363
2022-01-22 22:00:00;8847.883720930507
2022-01-22 23:00:00;8847.329545454802
2022-01-23 00:00:00;8847.147727272963
2022-01-23 01:00:00;8847.183333333604
2022-01-23 02:00:00;8847.066666666911
2022-01-23 03:00:00;8846.291666667204
2022-01-23 04:00:00;8848.250000000491
2022-01-23 05:00:00;8848.685185185586
2022-01-23 06:00:00;8846.93023255835
2022-01-23 07:00:00;8847.304347826348
2022-01-23 08:00:00;8847.782608695887
2022-01-23 09:00:00;8848.744680851465
2022-01-23 10:00:00;8846.79787234152
2022-01-23 11:00:00;8848.000000000999
2022-01-23 12:00:00;8848.416666667148
2022-01-23 13:00:00;8848.208333334085
2022-01-23 14:00:00;8848.255319149892
2022-01-23 15:00:00;8847.956521739727
2022-01-23 16:00:00;8848.465909091949
2022-01-23 17:00:00;8847.360000000734
2022-01-23 18:00:00;8848.8888888896
2022-01-23 19:00:00;8847.738636364034
2022-01-23 20:00:00;8848.848837209553
2022-01-23 21:00:00;8847.141304348286
2022-01-23 22:00:00;8847.012500000188
2022-01-23 23:00:00;8848.135135135506
2022-01-24 00:00:00;8847.065789474074
2022-01-24 01:00:00;8848.756410256949
2022-01-24 02:00:00;8848.750000000284
2022-01-24 03:00:00;8847.161764706145
2022-01-24 04:00:00;8847.755319149785
2022-01-24 05:00:00;8848.908163266355
2022-01-24 06:00:00;8848.805555556566
2022-01-24 07:00:00;8848.405405405822
2022-01-24 08:00:00;8847.64000000055
2022-01-24 09:00:00;8847.858333334001
2022-01-24 10:00:00;8849.055555556115
2022-01-24 11:00:00;8849.308333333527
2022-01-24 12:00:00;8847.392857143434
2022-01-24 13:00:00;8848.566666667135
2022-01-24 14:00:00;8850.91666666688
2022-01-24 15:00:00;8849.316666667117
2022-01-24 16:00:00;8848.616666667223
2022-01-24 17:00:00;8848.780000000923
2022-01-24 18:00:00;8849.300000000603
2022-01-24 19:00:00;8847.905172414887
2022-01-24 20:00:00;8849.500000001024
2022-01-24 21:00:00;8848.681818182878
2022-01-24 22:00:00;8847.830000000695
2022-01-24 23:00:00;8848.587719299294
2022-01-25 00:00:00;8849.081818182352
2022-01-25 01:00:00;8848.275000000303
2022-01-25 02:00:00;8848.305084746431
2022-01-25 03:00:00;8849.000000001195
2022-01-25 04:00:00;8848.912280703058
2022-01-25 05:00:00;8847.975000001241
2022-01-25 06:00:00;8848.683333334608
2022-01-25 07:00:00;8848.957627119411
2022-01-25 08:00:00;8848.950000000237
2022-01-25 09:00:00;8848.625000000582
2022-01-25 10:00:00;8848.412280702803
2022-01-25 11:00:00;8848.672727273508
2022-01-25 12:00:00;8849.225000000179
2022-01-25 13:00:00;8848.859649123347
2022-01-25 14:00:00;8849.311320755807
2022-01-25 15:00:00;8848.89166666731
2022-01-25 16:00:00;8849.258333334363
2022-01-25 17:00:00;8848.791666666899
2022-01-25 18:00:00;8848.900000000409
2022-01-25 19:00:00;8848.425000000485
2022-01-25 20:00:00;8847.948275862629
2022-01-25 21:00:00;8848.614583334087
2022-01-25 22:00:00;8848.700000000774
2022-01-25 23:00:00;8848.321428572166
2022-01-26 00:00:00;8848.750000000487
2022-01-26 01:00:00;8848.510416667043
2022-01-26 02:00:00;8849.040000000301
2022-01-26 03:00:00;8849.701923077262
2022-01-26 04:00:00;8848.801886792862
2022-01-26 05:00:00;8849.191666667528
2022-01-26 06:00:00;8848.081818182405
2022-01-26 07:00:00;8848.233333333746
2022-01-26 08:00:00;8848.266666667063
2022-01-26 09:00:00;8849.026785714777
2022-01-26 10:00:00;8849.184210527324
2022-01-26 11:00:00;8848.794642858344
2022-01-26 12:00:00;8847.801724138779
2022-01-26 13:00:00;8848.941666667573
2022-01-26 14:00:00;8848.71052631653
2022-01-26 15:00:00;8848.787037037286
2022-01-26 16:00:00;8848.093220339262
2022-01-26 17:00:00;8849.134615384986
2022-01-26 18:00:00;8849.353448276075
2022-01-26 19:00:00;8849.233333333914
2022-01-26 20:00:00;8849.452830189006
2022-01-26 21:00:00;8850.114035087903
2022-01-26 22:00:00;8848.908163265824
2022-01-26 23:00:00;8848.070175439005
2022-01-27 00:00:00;8848.728813559945
2022-01-27 01:00:00;8847.625000000546
2022-01-27 02:00:00;8849.059322034553
2022-01-27 03:00:00;8849.458333333969
2022-01-27 04:00:00;8849.632075472227
2022-01-27 05:00:00;8848.864406780065
2022-01-27 06:00:00;8848.883333333664
2022-01-27 07:00:00;8848.750000000258
2022-01-27 08:00:00;8848.891666667369
2022-01-27 09:00:00;8849.533333334131
2022-01-27 10:00:00;8847.67241379375
2022-01-27 11:00:00;8848.300000000898
2022-01-27 12:00:00;8849.158333333953
2022-01-27 13:00:00;8849.183333334171
2022-01-27 14:00:00;8848.10833333416
2022-01-27 15:00:00;8849.250000001006
2022-01-27 16:00:00;8848.308333334371
2022-01-27 17:00:00;8848.35344827654
2022-01-27 18:00:00;8847.483333334287
2022-01-27 19:00:00;8847.941666667002
2022-01-27 20:00:00;8847.858333333857
2022-01-27 21:00:00;8848.120689656003
2022-01-27 22:00:00;8847.836363636765
2022-01-27 23:00:00;8847.241666667198
2022-01-28 00:00:00;8848.759259259492
2022-01-28 01:00:00;8848.125000000635
2022-01-28 02:00:00;8848.420000000351
2022-01-28 03:00:00;8848.078431373451
2022-01-28 04:00:00;8849.27659574543
2022-01-28 05:00:00;8847.83050847479
2022-01-28 06:00:00;8846.908333333922
2022-01-28 07:00:00;8849.041666667117
2022-01-28 08:00:00;8848.566666667599
2022-01-28 09:00:00;8848.233333333977
2022-01-28 10:00:00;8849.208333333927
2022-01-28 11:00:00;8848.913793104159
2022-01-28 12:00:00;8848.35833333426
2022-01-28 13:00:00;8849.93220339023
2022-01-28 14:00:00;8848.66964285779
2022-01-28 15:00:00;8850.100000000904
2022-01-28 16:00:00;8849.408333333591
2022-01-28 17:00:00;8849.044642857749
2022-01-28 18:00:00;8848.807017544244
2022-01-28 19:00:00;8849.525000000398
2022-01-28 20:00:00;8848.80833333379
2022-01-28 21:00:00;8849.083333333589
2022-01-28 22:00:00;8848.88793103515
2022-01-28 23:00:00;8849.250000000808
2022-01-29 00:00:00;8849.341666667247
2022-01-29 01:00:00;8849.658333334355
2022-01-29 02:00:00;8849.516666667472
2022-01-29 03:00:00;8848.655172414254
2022-01-29 04:00:00;8848.616666667398
2022-01-29 05:00:00;8848.928571429175
2022-01-29 06:00:00;8848.541666667785
2022-01-29 07:00:00;8848.692982457133
2022-01-29 08:00:00;8849.875000000964
2022-01-29 09:00:00;8848.600000000653
2022-01-29 10:00:00;8849.650000000649
2022-01-29 11:00:00;8849.545454546374
2022-01-29 12:00:00;8849.483333334041
2022-01-29 13:00:00;8850.408333333584
2022-01-29 14:00:00;8849.810344828486
2022-01-29 15:00:00;8850.333333334056
2022-01-29 16:00:00;8849.583333334018
2022-01-29 17:00:00;8850.211864407795
2022-01-29 18:00:00;8848.941666667371
2022-01-29 19:00:00;8848.608333333723
2022-01-29 20:00:00;8850.075000000917
2022-01-29 21:00:00;8849.322033899261
2022-01-29 22:00:00;8848.945454546501
2022-01-29 23:00:00;8849.925925927022
2022-01-30 00:00:00;8849.141509434518
2022-01-30 01:00:00;8850.269230769642
2022-01-30 02:00:00;8848.50943396289
2022-01-30 03:00:00;8849.970000001025
2022-01-30 04:00:00;8849.537735849863
2022-01-30 05:00:00;8849.288135593959
2022-01-30 06:00:00;8850.308333333869
2022-01-30 07:00:00;8849.858333333845
2022-01-30 08:00:00;8849.925925926313
2022-01-30 09:00:00;8849.258333333813
2022-01-30 10:00:00;8850.387931035435
2022-01-30 11:00:00;8849.73728813645
2022-01-30 12:00:00;8849.375000000677
2022-01-30 13:00:00;8850.71428571491
2022-01-30 14:00:00;8849.890909091364
2022-01-30 15:00:00;8849.990909091468
2022-01-30 16:00:00;8849.087719299214
2022-01-30 17:00:00;8849.700000000556
2022-01-30 18:00:00;8850.208333333632
2022-01-30 19:00:00;8849.338983051794
2022-01-30 20:00:00;8849.460784314717
2022-01-30 21:00:00;8849.398305085604
2022-01-30 22:00:00;8850.089285715054
2022-01-30 23:00:00;8850.509259260305
2022-01-31 00:00:00;8849.891666667796
2022-01-31 01:00:00;8850.475000000793
2022-01-31 02:00:00;8849.23333333371
2022-01-31 03:00:00;8849.266666667085
2022-01-31 04:00:00;8849.40833333382
2022-01-31 05:00:00;8849.983333333692
2022-01-31 06:00:00;8850.640350877557
2022-01-31 07:00:00;8848.991525424271
2022-01-31 08:00:00;8850.016666667094
2022-01-31 09:00:00;8849.586206897571
2022-01-31 10:00:00;8849.96666666718
2022-01-31 11:00:00;8849.750000000366
2022-01-31 12:00:00;8851.058333333676
2022-01-31 13:00:00;8850.066666666895
2022-01-31 14:00:00;8850.558333333736
2022-01-31 15:00:00;8850.141666667376
2022-01-31 16:00:00;8851.020000000992
2022-01-31 17:00:00;8849.383333333806
2022-01-31 18:00:00;8849.883333334237
2022-01-31 19:00:00;8850.083333334072
2022-01-31 20:00:00;8850.725000000575
2022-01-31 21:00:00;8849.566666667071
2022-01-31 22:00:00;8850.218750000236
2022-01-31 23:00:00;8849.928571429331
2022-02-01 00:00:00;8849.651785714788
2022-02-01 01:00:00;8849.053571429296
2022-02-01 02:00:00;8849.241071429384
2022-02-01 03:00:00;8849.075471698967
2022-02-01 04:00:00;8849.528301887309
2022-02-01 05:00:00;8849.975000000306
2022-02-01 06:00:00;8850.025000001031
2022-02-01 07:00:00;8850.300000001147
2022-02-01 08:00:00;8849.658333334037
2022-02-01 09:00:00;8851.82758620763
2022-02-01 10:00:00;8850.063636364031
2022-02-01 11:00:00;8849.268518518738
2022-02-01 12:00:00;8850.35833333419
2022-02-01 13:00:00;8849.525000001006
2022-02-01 14:00:00;8849.482142858045
2022-02-01 15:00:00;8850.396551725236
2022-02-01 16:00:00;8849.008771930225
2022-02-01 17:00:00;8851.200000000179
2022-02-01 18:00:00;8849.866666667087
2022-02-01 19:00:00;8849.775000000815
2022-02-01 20:00:00;8849.800000000281
2022-02-01 21:00:00;8849.140000000525
2022-02-01 22:00:00;8849.76666666737
2022-02-01 23:00:00;8848.826923077791
2022-02-02 00:00:00;8850.125000001019
2022-02-02 01:00:00;8849.34313725575
2022-02-02 02:00:00;8849.127272727972
2022-02-02 03:00:00;8849.723404255612
2022-02-02 04:00:00;8848.433962264426
2022-02-02 05:00:00;8849.516666667272
2022-02-02 06:00:00;8849.725000001014
2022-02-02 07:00:00;8849.956140351813
2022-02-02 08:00:00;8851.330508475476
2022-02-02 09:00:00;8849.516666667734
2022-02-02 10:00:00;8849.73275862145
2022-02-02 11:00:00;8849.591666667724
2022-02-02 12:00:00;8850.25892857217
2022-02-02 13:00:00;8850.350000000513
2022-02-02 14:00:00;8849.616071428753
2022-02-02 15:00:00;8851.066666667264
2022-02-02 16:00:00;8850.6403508778
2022-02-02 17:00:00;8850.250000000884
2022-02-02 18:00:00;8850.105263158845
2022-02-02 19:00:00;8849.580000001057
2022-02-02 20:00:00;8850.008928572053
2022-02-02 21:00:00;8849.675925926318
2022-02-02 22:00:00;8850.867924529392
2022-02-02 23:00:00;8849.715686274993
2022-02-03 00:00:00;8850.019230769805
2022-02-03 01:00:00;8850.324561404159
2022-02-03 02:00:00;8850.166666667701
2022-02-03 03:00:00;8850.923728814614
2022-02-03 04:00:00;8850.429824562212
2022-02-03 05:00:00;8849.83333333429
2022-02-03 06:00:00;8849.824561404363
2022-02-03 07:00:00;8850.517241380227
2022-02-03 08:00:00;8849.550847458757
2022-02-03 09:00:00;8850.35593220442
2022-02-03 10:00:00;8850.150000000618
2022-02-03 11:00:00;8849.766666667025
2022-02-03 12:00:00;8850.391666666983
2022-02-03 13:00:00;8849.889830509515
2022-02-03 14:00:00;8850.591666667053
2022-02-03 15:00:00;8850.450000000286
2022-02-03 16:00:00;8851.379310345319
2022-02-03 17:00:00;8850.141666667116
2022-02-03 18:00:00;8851.775000000254
2022-02-03 19:00:00;8849.700000000334
2022-02-03 20:00:00;8850.847457627977
2022-02-03 21:00:00;8851.13793103561
2022-02-03 22:00:00;8850.894230770244
2022-02-03 23:00:00;8850.750000000591
2022-02-04 00:00:00;8850.72115384649
2022-02-04 01:00:00;8850.540000000414
2022-02-04 02:00:00;8850.06521739147
2022-02-04 03:00:00;8851.266666666928
2022-02-04 04:00:00;8849.55660377461
2022-02-04 05:00:00;8850.050000000816
2022-02-04 06:00:00;8851.141666667774
2022-02-04 07:00:00;8850.916666667257
2022-02-04 08:00:00;8850.316666667602
2022-02-04 09:00:00;8851.083333334182
2022-02-04 10:00:00;8850.543859649992
2022-02-04 11:00:00;8851.800000000703
2022-02-04 12:00:00;8851.95833333404
2022-02-04 13:00:00;8851.108333334054
2022-02-04 14:00:00;8849.991666667367
2022-02-04 15:00:00;8850.900000001033
2022-02-04 16:00:00;8850.554545455283
2022-02-04 17:00:00;8850.608333333883
2022-02-04 18:00:00;8850.578947369122
2022-02-04 19:00:00;8850.791666667295
2022-02-04 20:00:00;8850.583333333667
2022-02-04 21:00:00;8851.439655172933
2022-02-04 22:00:00;8850.683333333844
2022-02-04 23:00:00;8850.120000000565
2022-02-05 00:00:00;8850.208333334116
2022-02-05 01:00:00;8850.823529412242
2022-02-05 02:00:00;8850.78888888946
2022-02-05 03:00:00;8850.760869565807
2022-02-05 04:00:00;8850.406250000895
2022-02-05 05:00:00;8850.491666666787
2022-02-05 06:00:00;8851.341666666804
2022-02-05 07:00:00;8850.900000000918
2022-02-05 08:00:00;8850.783333333964
2022-02-05 09:00:00;8849.7500000008
2022-02-05 10:00:00;8851.482456141153
2022-02-05 11:00:00;8851.76271186499
2022-02-05 12:00:00;8851.500000000811
2022-02-05 13:00:00;8851.175000000743
2022-02-05 14:00:00;8851.56779661103
2022-02-05 15:00:00;8850.483333334008
2022-02-05 16:00:00;8851.941666667093
2022-02-05 17:00:00;8850.8666666674
2022-02-05 18:00:00;8851.20833333429
2022-02-05 19:00:00;8851.558333333818
2022-02-05 20:00:00;8851.034482759054
2022-02-05 21:00:00;8850.594827586423
2022-02-05 22:00:00;8850.655172414788
2022-02-05 23:00:00;8850.720000001013
2022-02-06 00:00:00;8850.800000001018
2022-02-06 01:00:00;8851.448979592751
2022-02-06 02:00:00;8851.105263158805
2022-02-06 03:00:00;8851.509090909829
2022-02-06 04:00:00;8850.857142857945
2022-02-06 05:00:00;8852.008620690503
2022-02-06 06:00:00;8850.808333334126
2022-02-06 07:00:00;8850.59166666766
2022-02-06 08:00:00;8851.325000000521
2022-02-06 09:00:00;8850.841666667471
2022-02-06 10:00:00;8850.824561403866
2022-02-06 11:00:00;8851.172727273233
2022-02-06 12:00:00;8851.50000000063
2022-02-06 13:00:00;8851.433333334086
2022-02-06 14:00:00;8852.02500000067
2022-02-06 15:00:00;8849.58333333376
2022-02-06 16:00:00;8850.633333334188
2022-02-06 17:00:00;8849.983333333952
2022-02-06 18:00:00;8851.258333333975
2022-02-06 19:00:00;8850.350000000426
2022-02-06 20:00:00;8850.400000000514
2022-02-06 21:00:00;8851.103448276619
2022-02-06 22:00:00;8848.703389831497
2022-02-06 23:00:00;8850.950980392907
2022-02-07 00:00:00;8850.588888889797
2022-02-07 01:00:00;8849.340425532851
2022-02-07 02:00:00;8850.300000000887
2022-02-07 03:00:00;8850.989361703194
2022-02-07 04:00:00;8850.38000000067
2022-02-07 05:00:00;8850.70833333386
2022-02-07 06:00:00;8850.000000000831
2022-02-07 07:00:00;8851.681818182118
2022-02-07 08:00:00;8850.357142857614
2022-02-07 09:00:00;8850.821428572459
2022-02-07 10:00:00;8850.940677966912
2022-02-07 11:00:00;8850.4250000003
2022-02-07 12:00:00;8851.416666667224
2022-02-07 13:00:00;8851.341666667438
2022-02-07 14:00:00;8850.900000000483
2022-02-07 15:00:00;8851.275000000545
2022-02-07 16:00:00;8851.696428571846
2022-02-07 17:00:00;8850.250000000251
2022-02-07 18:00:00;8851.066666667497
2022-02-07 19:00:00;8851.141666667803
2022-02-07 20:00:00;8850.991666667825
2022-02-07 21:00:00;8851.750000000644
2022-02-07 22:00:00;8850.585106383556
2022-02-07 23:00:00;8850.933333333885
2022-02-08 00:00:00;8850.676470589095
2022-02-08 01:00:00;8851.120370371384
2022-02-08 02:00:00;8850.557692308717
2022-02-08 03:00:00;8850.413461539294
2022-02-08 04:00:00;8851.15094339674
2022-02-08 05:00:00;8851.333333334022
2022-02-08 06:00:00;8850.491379311183
2022-02-08 07:00:00;8851.931034483738
2022-02-08 08:00:00;8850.657407408375
2022-02-08 09:00:00;8850.526785715041
2022-02-08 10:00:00;8851.133333333637
2022-02-08 11:00:00;8851.881355932608
2022-02-08 12:00:00;8852.0083333341
2022-02-08 13:00:00;8850.516949153222
2022-02-08 14:00:00;8851.733333333985
2022-02-08 15:00:00;8851.466666667575
2022-02-08 16:00:00;8851.568965517843
2022-02-08 17:00:00;8851.550000000863
2022-02-08 18:00:00;8851.875000000602
2022-02-08 19:00:00;8850.541666667456
2022-02-08 20:00:00;8852.245614035488
2022-02-08 21:00:00;8852.74038461576
2022-02-08 22:00:00;8850.798076923242
2022-02-08 23:00:00;8851.689655172679
2022-02-09 00:00:00;8850.517857143803
2022-02-09 01:00:00;8851.958333334273
2022-02-09 02:00:00;8851.796296296665
2022-02-09 03:00:00;8851.145454545785
2022-02-09 04:00:00;8850.888888889125
2022-02-09 05:00:00;8849.825000000154
2022-02-09 06:00:00;8851.291666667003
2022-02-09 07:00:00;8850.732758620925
2022-02-09 08:00:00;8851.906779661143
2022-02-09 09:00:00;8852.288135593646
2022-02-09 10:00:00;8852.410714286623
2022-02-09 11:00:00;8851.034482759564
2022-02-09 12:00:00;8852.482758621647
2022-02-09 13:00:00;8852.07547169899
2022-02-09 14:00:00;8851.855932204482
2022-02-09 15:00:00;8851.872881356134
2022-02-09 16:00:00;8851.276785714801
2022-02-09 17:00:00;8851.891666667178
2022-02-09 18:00:00;8851.22321428644
2022-02-09 19:00:00;8852.400000000907
2022-02-09 20:00:00;8852.10714285787
2022-02-09 21:00:00;8852.532608696365
2022-02-09 22:00:00;8852.048076924051
2022-02-09 23:00:00;8851.857142858054
2022-02-10 00:00:00;8852.850000001035
2022-02-10 01:00:00;8852.000000000859
2022-02-10 02:00:00;8852.901960785126
2022-02-10 03:00:00;8851.978723404836
2022-02-10 04:00:00;8852.644444445541
2022-02-10 05:00:00;8852.07272727342
2022-02-10 06:00:00;8852.855932203838
2022-02-10 07:00:00;8852.758620690229
2022-02-10 08:00:00;8853.084745762924
2022-02-10 09:00:00;8852.175000000534
2022-02-10 10:00:00;8853.720338984074
2022-02-10 11:00:00;8852.500000000653
2022-02-10 12:00:00;8853.632075471887
2022-02-10 13:00:00;8853.690909091445
2022-02-10 14:00:00;8852.758620690498
2022-02-10 15:00:00;8853.592592593139
2022-02-10 16:00:00;8854.132075472115
2022-02-10 17:00:00;8852.066666667344
2022-02-10 18:00:00;8854.091666667407
2022-02-10 19:00:00;8853.519607843591
2022-02-10 20:00:00;8853.291666667104
2022-02-10 21:00:00;8852.491666667498
2022-02-10 22:00:00;8852.008333334159
2022-02-10 23:00:00;8852.148148149103
2022-02-11 00:00:00;8853.594339623573
2022-02-11 01:00:00;8853.801724138404
2022-02-11 02:00:00;8853.608333333721
2022-02-11 03:00:00;8852.896226415705
2022-02-11 04:00:00;8853.775000000589
2022-02-11 05:00:00;8853.008620690514
2022-02-11 06:00:00;8853.391666667254
2022-02-11 07:00:00;8852.35294117679
2022-02-11 08:00:00;8853.75833333396
2022-02-11 09:00:00;8852.36363636446
2022-02-11 10:00:00;8852.939655173132
2022-02-11 11:00:00;8853.982456140782
2022-02-11 12:00:00;8853.938596492077
2022-02-11 13:00:00;8853.258333333877
2022-02-11 14:00:00;8853.816666667379
2022-02-11 15:00:00;8853.441666667519
2022-02-11 16:00:00;8853.400000000382
2022-02-11 17:00:00;8853.891666667485
2022-02-11 18:00:00;8852.975000000866
2022-02-11 19:00:00;8853.525000000633
2022-02-11 20:00:00;8852.583333334029
2022-02-11 21:00:00;8852.314814815265
2022-02-11 22:00:00;8852.631578948358
2022-02-11 23:00:00;8852.54166666724
2022-02-12 00:00:00;8852.34166666775
2022-02-12 01:00:00;8852.058333333958
2022-02-12 02:00:00;8851.858333333746
2022-02-12 03:00:00;8852.54255319244
2022-02-12 04:00:00;8851.870689655614
2022-02-12 05:00:00;8851.125000000538
2022-02-12 06:00:00;8852.236363636908
2022-02-12 07:00:00;8851.3265306128
2022-02-12 08:00:00;8851.181818182382
2022-02-12 09:00:00;8852.361111111697
2022-02-12 10:00:00;8852.415254237998
2022-02-12 11:00:00;8852.775000000709
2022-02-12 12:00:00;8853.250000000895
2022-02-12 13:00:00;8852.383333334163
2022-02-12 14:00:00;8852.87500000034
2022-02-12 15:00:00;8852.283333334071
2022-02-12 16:00:00;8852.025000000875
2022-02-12 17:00:00;8852.525000000669
2022-02-12 18:00:00;8852.19166666702
2022-02-12 19:00:00;8852.025000000383
2022-02-12 20:00:00;8851.694444444962
2022-02-12 21:00:00;8851.413793103893
2022-02-12 22:00:00;8851.875000000375
2022-02-12 23:00:00;8851.48333333403
2022-02-13 00:00:00;8850.633333334392
2022-02-13 01:00:00;8851.542372882497
2022-02-13 02:00:00;8851.108333334141
2022-02-13 03:00:00;8850.754545455366
2022-02-13 04:00:00;8849.741666667007
2022-02-13 05:00:00;8850.583333333667
2022-02-13 06:00:00;8850.283333334402
2022-02-13 07:00:00;8850.990566038923
2022-02-13 08:00:00;8851.120370371222
2022-02-13 09:00:00;8849.962962963718
2022-02-13 10:00:00;8849.80000000083
2022-02-13 11:00:00;8850.81666666728
2022-02-13 12:00:00;8850.561403509359
2022-02-13 13:00:00;8850.43103448336
2022-02-13 14:00:00;8850.708333334207
2022-02-13 15:00:00;8850.733333334078
2022-02-13 16:00:00;8850.233333334341
2022-02-13 17:00:00;8851.043103448856
2022-02-13 18:00:00;8849.350000000837
2022-02-13 19:00:00;8850.625000000773
2022-02-13 20:00:00;8850.458333333905
2022-02-13 21:00:00;8850.535714285936
2022-02-13 22:00:00;8850.358333333928
2022-02-13 23:00:00;8849.714285715343
2022-02-14 00:00:00;8850.739130435988
2022-02-14 01:00:00;8850.880000000581
2022-02-14 02:00:00;8849.479591836915
2022-02-14 03:00:00;8851.197916666893
2022-02-14 04:00:00;8851.281250000398
2022-02-14 05:00:00;8848.949152543055
2022-02-14 06:00:00;8850.191666666973
2022-02-14 07:00:00;8849.824074074646
2022-02-14 08:00:00;8850.105263158297
2022-02-14 09:00:00;8850.008333333997
2022-02-14 10:00:00;8850.491666667365
2022-02-14 11:00:00;8848.952830189335
2022-02-14 12:00:00;8851.017241379754
2022-02-14 13:00:00;8849.948275863044
2022-02-14 14:00:00;8849.56603773664
2022-02-14 15:00:00;8849.475000000599
2022-02-14 16:00:00;8849.593220339328
2022-02-14 17:00:00;8848.975000000428
2022-02-14 18:00:00;8850.21666666751
2022-02-14 19:00:00;8849.575000000661
2022-02-14 20:00:00;8849.216666667024
2022-02-14 21:00:00;8848.379310345133
2022-02-14 22:00:00;8848.284313725706
2022-02-14 23:00:00;8847.880000000356
2022-02-15 00:00:00;8848.296296296421
2022-02-15 01:00:00;8849.283018868244
2022-02-15 02:00:00;8848.609090909336
2022-02-15 03:00:00;8849.214285714535
2022-02-15 04:00:00;8848.571428572443
2022-02-15 05:00:00;8849.559322034582
2022-02-15 06:00:00;8847.98181818208
2022-02-15 07:00:00;8849.642857143179
2022-02-15 08:00:00;8848.616666667398
2022-02-15 09:00:00;8849.808333334104
2022-02-15 10:00:00;8849.61864406845
2022-02-15 11:00:00;8850.02586206984
2022-02-15 12:00:00;8850.086206897455
2022-02-15 13:00:00;8850.133333333815
2022-02-15 14:00:00;8849.783333334028
2022-02-15 15:00:00;8849.250000000571
2022-02-15 16:00:00;8850.266666667225
2022-02-15 17:00:00;8849.891666667074
2022-02-15 18:00:00;8849.666666666992
2022-02-15 19:00:00;8850.566666667151
2022-02-15 20:00:00;8849.303921569699
2022-02-15 21:00:00;8851.74074074101
2022-02-15 22:00:00;8850.469387755435
2022-02-15 23:00:00;8848.908333333737
2022-02-16 00:00:00;8849.572727272907
2022-02-16 01:00:00;8850.584905660795
2022-02-16 02:00:00;8849.274509804296
2022-02-16 03:00:00;8849.517543860358
2022-02-16 04:00:00;8850.724137931273
2022-02-16 05:00:00;8850.40350877266
2022-02-16 06:00:00;8850.576271187267
2022-02-16 07:00:00;8850.898305085491
2022-02-16 08:00:00;8849.416666667585
2022-02-16 09:00:00;8850.618644068541
2022-02-16 10:00:00;8850.903508772459
2022-02-16 11:00:00;8851.474576271805
2022-02-16 12:00:00;8850.65000000021
2022-02-16 13:00:00;8849.896551724692
2022-02-16 14:00:00;8850.633333334448
2022-02-16 15:00:00;8851.842105264228
2022-02-16 16:00:00;8850.775000000694
2022-02-16 17:00:00;8851.191666667517
2022-02-16 18:00:00;8850.740740741376
2022-02-16 19:00:00;8851.366666667509
2022-02-16 20:00:00;8850.863636364367
2022-02-16 21:00:00;8851.343137255753
2022-02-16 22:00:00;8852.188679245675
2022-02-16 23:00:00;8851.818965517532
2022-02-17 00:00:00;8851.447368421508
2022-02-17 01:00:00;8851.445454546194
2022-02-17 02:00:00;8850.489583333823
2022-02-17 03:00:00;8850.508620690007
2022-02-17 04:00:00;8849.948275862416
2022-02-17 05:00:00;8851.152542373138
2022-02-17 06:00:00;8851.841666667002
2022-02-17 07:00:00;8850.80357142884
2022-02-17 08:00:00;8850.758620690023
2022-02-17 09:00:00;8851.72500000054
2022-02-17 10:00:00;8851.28333333402
2022-02-17 11:00:00;8852.508333333895
2022-02-17 12:00:00;8852.491666667527
2022-02-17 13:00:00;8852.60833333422
2022-02-17 14:00:00;8851.857142857507
2022-02-17 15:00:00;8851.841666667118
2022-02-17 16:00:00;8852.29629629669
2022-02-17 17:00:00;8851.775000000458
2022-02-17 18:00:00;8851.741666667142
2022-02-17 19:00:00;8851.966666666936
2022-02-17 20:00:00;8852.009090909534
2022-02-17 21:00:00;8851.767241379748
2022-02-17 22:00:00;8852.272727273346
2022-02-17 23:00:00;8852.283333334157
2022-02-18 00:00:00;8852.125000000851
2022-02-18 01:00:00;8851.975000000899
2022-02-18 02:00:00;8852.547169811818
2022-02-18 03:00:00;8849.948979592089
2022-02-18 04:00:00;8852.509615384979
2022-02-18 05:00:00;8851.94166666721
2022-02-18 06:00:00;8851.850000000388
2022-02-18 07:00:00;8852.608333333583
2022-02-18 08:00:00;8852.73728813581
2022-02-18 09:00:00;8852.633333333859
2022-02-18 10:00:00;8852.864406780254
2022-02-18 11:00:00;8853.025000000809
2022-02-18 12:00:00;8854.366071429196
2022-02-18 13:00:00;8853.813559322978
2022-02-18 14:00:00;8853.189655173388
2022-02-18 15:00:00;8852.607142857825
2022-02-18 16:00:00;8852.81034482864
2022-02-18 17:00:00;8852.965517241844
2022-02-18 18:00:00;8852.17500000068
2022-02-18 19:00:00;8851.791666667432
2022-02-18 20:00:00;8852.676470588689
2022-02-18 21:00:00;8852.845454545899
2022-02-18 22:00:00;8853.367346939141
2022-02-18 23:00:00;8852.339285715076
2022-02-19 00:00:00;8853.127659575182
2022-02-19 01:00:00;8850.862745098395
2022-02-19 02:00:00;8852.896226415834
2022-02-19 03:00:00;8850.930000000833
2022-02-19 04:00:00;8852.612244898226
2022-02-19 05:00:00;8852.258620690012
2022-02-19 06:00:00;8850.826923077871
2022-02-19 07:00:00;8852.550000000454
2022-02-19 08:00:00;8853.287037037679
2022-02-19 09:00:00;8852.933333334047
2022-02-19 10:00:00;8853.635593221114
2022-02-19 11:00:00;8853.383333334186
2022-02-19 12:00:00;8852.850000000786
2022-02-19 13:00:00;8854.05263157998
2022-02-19 14:00:00;8852.55000000083
2022-02-19 15:00:00;8853.000000000447
2022-02-19 16:00:00;8853.083333333796
2022-02-19 17:00:00;8852.438596491924
2022-02-19 18:00:00;8853.091666667124
2022-02-19 19:00:00;8852.838983051599
2022-02-19 20:00:00;8851.966666667542
2022-02-19 21:00:00;8851.733333333716
2022-02-19 22:00:00;8852.388888889556
2022-02-19 23:00:00;8851.26086956596
2022-02-20 00:00:00;8852.104166667608
2022-02-20 01:00:00;8852.129629630497
2022-02-20 02:00:00;8853.066666667311
2022-02-20 03:00:00;8851.17000000074
2022-02-20 04:00:00;8851.555555556379
2022-02-20 05:00:00;8851.542372882437
2022-02-20 06:00:00;8852.396226415542
2022-02-20 07:00:00;8851.853448276313
2022-02-20 08:00:00;8852.47115384677
2022-02-20 09:00:00;8851.735294118462
2022-02-20 10:00:00;8853.233333334352
2022-02-20 11:00:00;8851.7500000007
2022-02-20 12:00:00;8852.093220339746
2022-02-20 13:00:00;8853.22413793178
2022-02-20 14:00:00;8853.388888889833
2022-02-20 15:00:00;8852.433333334338
2022-02-20 16:00:00;8852.866071428838
2022-02-20 17:00:00;8852.941666667464
2022-02-20 18:00:00;8852.92500000072
2022-02-20 19:00:00;8853.608333333808
2022-02-20 20:00:00;8853.066666667137
2022-02-20 21:00:00;8851.909090909587
2022-02-20 22:00:00;8852.535087719667
2022-02-20 23:00:00;8851.73529411819
2022-02-21 00:00:00;8852.50000000087
2022-02-21 01:00:00;8852.945652174334
2022-02-21 02:00:00;8852.382978724032
2022-02-21 03:00:00;8851.680851064311
2022-02-21 04:00:00;8852.38297872396
2022-02-21 05:00:00;8851.412280702229
2022-02-21 06:00:00;8850.658333333684
2022-02-21 07:00:00;8852.008620690593
2022-02-21 08:00:00;8850.850877193752
2022-02-21 09:00:00;8850.991666667274
2022-02-21 10:00:00;8850.584745763268
2022-02-21 11:00:00;8851.583333333921
2022-02-21 12:00:00;8852.15178571496
2022-02-21 13:00:00;8853.091666667298
2022-02-21 14:00:00;8850.703389831357
2022-02-21 15:00:00;8851.891666666976
2022-02-21 16:00:00;8852.166666667177
2022-02-21 17:00:00;8852.008333334361
2022-02-21 18:00:00;8852.516666667514
2022-02-21 19:00:00;8851.183333334275
2022-02-21 20:00:00;8850.728070175877
2022-02-21 21:00:00;8851.117647059009
2022-02-21 22:00:00;8850.759615384899
2022-02-21 23:00:00;8850.210000000308
2022-02-22 00:00:00;8852.3137254904
2022-02-22 01:00:00;8852.270833333572
2022-02-22 02:00:00;8851.400000000258
2022-02-22 03:00:00;8851.560344828311
2022-02-22 04:00:00;8851.4250000009
2022-02-22 05:00:00;8851.225000000573
2022-02-22 06:00:00;8851.291666667204
2022-02-22 07:00:00;8851.916666667252
2022-02-22 08:00:00;8850.82500000087
2022-02-22 09:00:00;8851.633333334301
2022-02-22 10:00:00;8852.389830509463
2022-02-22 11:00:00;8851.383333334315
2022-02-22 12:00:00;8852.129310345821
2022-02-22 13:00:00;8852.14166666774
2022-02-22 14:00:00;8851.27586206954
2022-02-22 15:00:00;8851.766666667041
2022-02-22 16:00:00;8853.526785714948
2022-02-22 17:00:00;8852.310344828005
2022-02-22 18:00:00;8851.679245283844
2022-02-22 19:00:00;8851.375000000522
2022-02-22 20:00:00;8852.666666667492
2022-02-22 21:00:00;8851.508333333959
2022-02-22 22:00:00;8851.300000000909
2022-02-22 23:00:00;8851.923728814529
2022-02-23 00:00:00;8850.941666667562
2022-02-23 01:00:00;8850.851851852234
2022-02-23 02:00:00;8851.427272727644
2022-02-23 03:00:00;8851.050000000201
2022-02-23 04:00:00;8850.803921569219
2022-02-23 05:00:00;8850.608333333825
2022-02-23 06:00:00;8850.258333333979
2022-02-23 07:00:00;8850.703389831178
2022-02-23 08:00:00;8851.706896552432
2022-02-23 09:00:00;8851.375000000784
2022-02-23 10:00:00;8851.12500000051
2022-02-23 11:00:00;8852.033333334146
2022-02-23 12:00:00;8851.724137932002
2022-02-23 13:00:00;8852.280701755408
2022-02-23 14:00:00;8852.173076923484
2022-02-23 15:00:00;8851.80000000082
2022-02-23 16:00:00;8852.708333333849
2022-02-23 17:00:00;8851.931034483317
2022-02-23 18:00:00;8850.732142857418
2022-02-23 19:00:00;8852.08474576295
2022-02-23 20:00:00;8851.386792453515
2022-02-23 21:00:00;8851.391304348199
2022-02-23 22:00:00;8851.656250000346
2022-02-23 23:00:00;8850.824561403653
2022-02-24 00:00:00;8851.250000000657
2022-02-24 01:00:00;8850.991071429175
2022-02-24 02:00:00;8851.78947368485
2022-02-24 03:00:00;8851.598039216404
2022-02-24 04:00:00;8850.70909091003
2022-02-24 05:00:00;8850.85000000077
2022-02-24 06:00:00;8851.841666667522
2022-02-24 07:00:00;8851.333333333936
2022-02-24 08:00:00;8849.677966102377
2022-02-24 09:00:00;8851.566666667146
2022-02-24 10:00:00;8850.883333334028
2022-02-24 11:00:00;8851.538461539438
2022-02-24 12:00:00;8850.483050848332
2022-02-24 13:00:00;8851.745454546068
2022-02-24 14:00:00;8850.925000000614
2022-02-24 15:00:00;8850.48148148206
2022-02-24 16:00:00;8850.456896552492
2022-02-24 17:00:00;8850.838983051153
2022-02-24 18:00:00;8850.466666667726
2022-02-24 19:00:00;8851.057692308586
2022-02-24 20:00:00;8852.550000000741
2022-02-24 21:00:00;8851.26415094431
2022-02-24 22:00:00;8850.896226415938
2022-02-24 23:00:00;8850.358490566805
2022-02-25 00:00:00;8851.000000000691
2022-02-25 01:00:00;8852.428571429113
2022-02-25 02:00:00;8849.951923077664
2022-02-25 03:00:00;8850.098039216546
2022-02-25 04:00:00;8849.706521739898
2022-02-25 05:00:00;8849.4736842112
2022-02-25 06:00:00;8850.016666667267
2022-02-25 07:00:00;8851.875000000635
2022-02-25 08:00:00;8851.354545454988
2022-02-25 09:00:00;8850.754716981952
2022-02-25 10:00:00;8851.233333334134
2022-02-25 11:00:00;8851.439655173202
2022-02-25 12:00:00;8851.932203390796
2022-02-25 13:00:00;8851.208333333625
2022-02-25 14:00:00;8851.550847458733
2022-02-25 15:00:00;8851.26851851907
2022-02-25 16:00:00;8850.708333333976
2022-02-25 17:00:00;8851.905660378094
2022-02-25 18:00:00;8851.175000000425
2022-02-25 19:00:00;8850.95000000089
2022-02-25 20:00:00;8849.254716981988
2022-02-25 21:00:00;8849.453703704405
2022-02-25 22:00:00;8851.091836735408
2022-02-25 23:00:00;8850.009090909736
2022-02-26 00:00:00;8849.07843137313
2022-02-26 01:00:00;8850.456521739543
2022-02-26 02:00:00;8849.774509804374
2022-02-26 03:00:00;8848.690000000553
2022-02-26 04:00:00;8849.382352942004
2022-02-26 05:00:00;8848.203703704517
2022-02-26 06:00:00;8849.766666667141
2022-02-26 07:00:00;8849.454545455135
2022-02-26 08:00:00;8848.800000000576
2022-02-26 09:00:00;8851.050000000723
2022-02-26 10:00:00;8850.125000000862
2022-02-26 11:00:00;8850.38333333409
2022-02-26 12:00:00;8851.655172414408
2022-02-26 13:00:00;8850.025423729372
2022-02-26 14:00:00;8850.550000000725
2022-02-26 15:00:00;8850.931034483547
2022-02-26 16:00:00;8848.892857143635
2022-02-26 17:00:00;8850.591836735175
2022-02-26 18:00:00;8849.472222222754
2022-02-26 19:00:00;8849.233333333943
2022-02-26 20:00:00;8848.275000000649
2022-02-26 21:00:00;8849.574468085995
2022-02-26 22:00:00;8848.518181818665
2022-02-26 23:00:00;8847.85869565267
2022-02-27 00:00:00;8848.441666667028
2022-02-27 01:00:00;8848.200000000705
2022-02-27 02:00:00;8849.160377359101
2022-02-27 03:00:00;8849.032608696436
2022-02-27 04:00:00;8849.0277777788
2022-02-27 05:00:00;8848.290909091385
2022-02-27 06:00:00;8848.700000000426
2022-02-27 07:00:00;8847.54629629723
2022-02-27 08:00:00;8848.40833333403
2022-02-27 09:00:00;8848.500000000793
2022-02-27 10:00:00;8848.250000000664
2022-02-27 11:00:00;8848.264150944218
2022-02-27 12:00:00;8850.591666667571
2022-02-27 13:00:00;8849.550000000501
2022-02-27 14:00:00;8849.233333334172
2022-02-27 15:00:00;8848.29824561496
2022-02-27 16:00:00;8848.78333333412
2022-02-27 17:00:00;8849.316666667088
2022-02-27 18:00:00;8847.983333333848
2022-02-27 19:00:00;8848.813559322405
2022-02-27 20:00:00;8848.398305085748
2022-02-27 21:00:00;8847.875000000602
2022-02-27 22:00:00;8848.52500000052
2022-02-27 23:00:00;8848.068627451581
2022-02-28 00:00:00;8846.839285715216
2022-02-28 01:00:00;8847.250000000757
2022-02-28 02:00:00;8847.200000000332
2022-02-28 03:00:00;8848.283333334095
2022-02-28 04:00:00;8847.272727273676
2022-02-28 05:00:00;8846.816666667044
2022-02-28 06:00:00;8847.706896552205
2022-02-28 07:00:00;8846.240000000456
2022-02-28 08:00:00;8846.975000000555
2022-02-28 09:00:00;8846.896551724894
2022-02-28 10:00:00;8848.392857143588
2022-02-28 11:00:00;8848.864406780594
2022-02-28 12:00:00;8847.732758621098
2022-02-28 13:00:00;8849.358333333848
2022-02-28 14:00:00;8848.25833333405
2022-02-28 15:00:00;8847.858333334058
2022-02-28 16:00:00;8849.125000000926
2022-02-28 17:00:00;8847.883333333843
2022-02-28 18:00:00;8848.625000000733
2022-02-28 19:00:00;8847.206896552618
2022-02-28 20:00:00;8846.163793104082
2022-02-28 21:00:00;8846.711538462252
2022-02-28 22:00:00;8846.790909091513
2022-02-28 23:00:00;8846.575000000448
2022-03-01 00:00:00;8846.57017543958
2022-03-01 01:00:00;8847.722222222807
2022-03-01 02:00:00;8846.355769231172
2022-03-01 03:00:00;8846.026315789923
2022-03-01 04:00:00;8845.858695652969
2022-03-01 05:00:00;8846.793103448877
2022-03-01 06:00:00;8846.309090910107
2022-03-01 07:00:00;8846.127118644736
2022-03-01 08:00:00;8846.291666667377
2022-03-01 09:00:00;8846.279661017596
2022-03-01 10:00:00;8846.663636364434
2022-03-01 11:00:00;8846.276785714706
2022-03-01 12:00:00;8846.7416666672
2022-03-01 13:00:00;8846.991666667009
2022-03-01 14:00:00;8845.633333334246
2022-03-01 15:00:00;8846.925000000667
2022-03-01 16:00:00;8846.808333334207
2022-03-01 17:00:00;8846.618181818783
2022-03-01 18:00:00;8846.07843137338
2022-03-01 19:00:00;8845.158333333804
2022-03-01 20:00:00;8846.944444445118
2022-03-01 21:00:00;8846.491525423999
2022-03-01 22:00:00;8846.918181818972
2022-03-01 23:00:00;8845.916666667432
2022-03-02 00:00:00;8846.66101695004
2022-03-02 01:00:00;8846.71818181911
2022-03-02 02:00:00;8846.00000000072
2022-03-02 03:00:00;8845.339622642168
2022-03-02 04:00:00;8844.550000001242
2022-03-02 05:00:00;8845.127118644645
2022-03-02 06:00:00;8845.29661017001
2022-03-02 07:00:00;8844.561403509504
2022-03-02 08:00:00;8844.958333333996
2022-03-02 09:00:00;8845.458333334138
2022-03-02 10:00:00;8846.45000000083
2022-03-02 11:00:00;8845.550000000612
2022-03-02 12:00:00;8846.379310345617
2022-03-02 13:00:00;8846.67241379386
2022-03-02 14:00:00;8847.133333334179
2022-03-02 15:00:00;8844.98333333433
2022-03-02 16:00:00;8845.576271187017
2022-03-02 17:00:00;8845.45614035135
2022-03-02 18:00:00;8845.789473684632
2022-03-02 19:00:00;8845.333333333538
2022-03-02 20:00:00;8845.098039216422
2022-03-02 21:00:00;8846.166666667734
2022-03-02 22:00:00;8844.855769231724
2022-03-02 23:00:00;8845.285714286227
2022-03-03 00:00:00;8845.635416667254
2022-03-03 01:00:00;8846.405660378177
2022-03-03 02:00:00;8845.078431373771
2022-03-03 03:00:00;8844.750000001024
2022-03-03 04:00:00;8844.688888890203
2022-03-03 05:00:00;8845.23584905745
2022-03-03 06:00:00;8844.905172414343
2022-03-03 07:00:00;8844.941666667597
2022-03-03 08:00:00;8844.050000000678
2022-03-03 09:00:00;8845.425000000474
2022-03-03 10:00:00;8846.009090909822
2022-03-03 11:00:00;8845.916666667259
2022-03-03 12:00:00;8845.683333334222
2022-03-03 13:00:00;8847.400000000593
2022-03-03 14:00:00;8846.483333334205
2022-03-03 15:00:00;8846.450000000425
2022-03-03 16:00:00;8845.48214285795
2022-03-03 17:00:00;8844.966666667642
2022-03-03 18:00:00;8845.112068966017
2022-03-03 19:00:00;8844.241666667273
2022-03-03 20:00:00;8845.510204082379
2022-03-03 21:00:00;8844.711864407222
2022-03-03 22:00:00;8844.7500000008
2022-03-03 23:00:00;8844.450980393132
2022-03-04 00:00:00;8844.275510204914
2022-03-04 01:00:00;8846.24489795951
2022-03-04 02:00:00;8844.50000000047
2022-03-04 03:00:00;8845.18269230821
2022-03-04 04:00:00;8844.958333333821
2022-03-04 05:00:00;8844.812500000633
2022-03-04 06:00:00;8843.911764706834
2022-03-04 07:00:00;8844.525423729854
2022-03-04 08:00:00;8844.103773585986
2022-03-04 09:00:00;8845.100000000895
2022-03-04 10:00:00;8844.483333334043
2022-03-04 11:00:00;8844.86666666749
2022-03-04 12:00:00;8844.600000000812
2022-03-04 13:00:00;8845.758333334008
2022-03-04 14:00:00;8846.108333333737
2022-03-04 15:00:00;8845.000000000784
2022-03-04 16:00:00;8844.325000000736
2022-03-04 17:00:00;8845.316666667342
2022-03-04 18:00:00;8844.258333334017
2022-03-04 19:00:00;8844.741666667154
2022-03-04 20:00:00;8844.471698114094
2022-03-04 21:00:00;8845.204081633668
2022-03-04 22:00:00;8844.525000000629
2022-03-04 23:00:00;8844.55000000079
2022-03-05 00:00:00;8843.725000000242
2022-03-05 01:00:00;8844.545454545758
2022-03-05 02:00:00;8844.698113207727
2022-03-05 03:00:00;8843.370370370483
2022-03-05 04:00:00;8844.028301886834
2022-03-05 05:00:00;8845.02500000054
2022-03-05 06:00:00;8843.275000000682
2022-03-05 07:00:00;8842.958333334065
2022-03-05 08:00:00;8844.275000000674
2022-03-05 09:00:00;8843.821428571995
2022-03-05 10:00:00;8844.201754386704
2022-03-05 11:00:00;8844.258333333959
2022-03-05 12:00:00;8846.194444445351
2022-03-05 13:00:00;8844.364406780642
2022-03-05 14:00:00;8843.754237288758
2022-03-05 15:00:00;8844.981132076091
2022-03-05 16:00:00;8844.807692308174
2022-03-05 17:00:00;8844.516666667649
2022-03-05 18:00:00;8845.150000000329
2022-03-05 19:00:00;8844.408333333851
2022-03-05 20:00:00;8843.675000000818
2022-03-05 21:00:00;8844.169642857403
2022-03-05 22:00:00;8844.018867925293
2022-03-05 23:00:00;8843.698113208611
2022-03-06 00:00:00;8843.750000001037
2022-03-06 01:00:00;8843.824074074782
2022-03-06 02:00:00;8843.991379311616
2022-03-06 03:00:00;8843.36206896661
2022-03-06 04:00:00;8843.990909091819
2022-03-06 05:00:00;8843.741666667593
2022-03-06 06:00:00;8843.51666666728
2022-03-06 07:00:00;8843.912280702554
2022-03-06 08:00:00;8843.975000000659
2022-03-06 09:00:00;8844.22321428641
2022-03-06 10:00:00;8843.750000000691
2022-03-06 11:00:00;8844.169491525976
2022-03-06 12:00:00;8844.633333333819
2022-03-06 13:00:00;8842.666666667783
2022-03-06 14:00:00;8844.108333334241
2022-03-06 15:00:00;8843.62500000116
2022-03-06 16:00:00;8844.525862069835
2022-03-06 17:00:00;8842.716666667322
2022-03-06 18:00:00;8842.875000000487
2022-03-06 19:00:00;8842.649122807266
2022-03-06 20:00:00;8843.270833333756
2022-03-06 21:00:00;8843.519607843582
2022-03-06 22:00:00;8842.368421053086
2022-03-06 23:00:00;8843.653846154768
2022-03-07 00:00:00;8842.333333333749
2022-03-07 01:00:00;8842.273584906232
2022-03-07 02:00:00;8842.452830189484
2022-03-07 03:00:00;8842.450000001
2022-03-07 04:00:00;8841.591666667106
2022-03-07 05:00:00;8841.26666666696
2022-03-07 06:00:00;8842.33636363679
2022-03-07 07:00:00;8842.161016949849
2022-03-07 08:00:00;8842.266666667387
2022-03-07 09:00:00;8842.68333333421
2022-03-07 10:00:00;8842.816666667646
2022-03-07 11:00:00;8842.736363637177
2022-03-07 12:00:00;8843.716666667287
2022-03-07 13:00:00;8844.266666667172
2022-03-07 14:00:00;8844.366666667293
2022-03-07 15:00:00;8844.152542373737
2022-03-07 16:00:00;8843.241071429567
2022-03-07 17:00:00;8842.983050848046
2022-03-07 18:00:00;8842.966101695367
2022-03-07 19:00:00;8841.483333334234
2022-03-07 20:00:00;8841.803921569635
2022-03-07 21:00:00;8842.91525423806
2022-03-07 22:00:00;8842.20192307744
2022-03-07 23:00:00;8842.561224490433
2022-03-08 00:00:00;8842.320000000853
2022-03-08 01:00:00;8842.066666667202
2022-03-08 02:00:00;8841.556818182553
2022-03-08 03:00:00;8842.283018868851
2022-03-08 04:00:00;8842.71000000096
2022-03-08 05:00:00;8842.625000000558
2022-03-08 06:00:00;8842.141666667394
2022-03-08 07:00:00;8842.975000000637
2022-03-08 08:00:00;8841.525423729552
2022-03-08 09:00:00;8844.160377359378
2022-03-08 10:00:00;8843.475000000806
2022-03-08 11:00:00;8842.625000000473
2022-03-08 12:00:00;8842.941666667408
2022-03-08 13:00:00;8843.800000000752
2022-03-08 14:00:00;8844.01666666765
2022-03-08 15:00:00;8843.891666667196
2022-03-08 16:00:00;8843.30833333385
2022-03-08 17:00:00;8843.609090909982
2022-03-08 18:00:00;8843.175000000472
2022-03-08 19:00:00;8843.291666667164
2022-03-08 20:00:00;8842.359649123573
2022-03-08 21:00:00;8841.26363636409
2022-03-08 22:00:00;8842.00980392247
2022-03-08 23:00:00;8842.581632654148
2022-03-09 00:00:00;8841.414893617775
2022-03-09 01:00:00;8841.280000000777
2022-03-09 02:00:00;8841.732142857973
2022-03-09 03:00:00;8840.975000000937
2022-03-09 04:00:00;8841.271186441345
2022-03-09 05:00:00;8842.275000000254
2022-03-09 06:00:00;8841.379310345199
2022-03-09 07:00:00;8841.516949153314
2022-03-09 08:00:00;8841.508333334104
2022-03-09 09:00:00;8842.045454546034
2022-03-09 10:00:00;8842.4259259266
2022-03-09 11:00:00;8843.816666667439
2022-03-09 12:00:00;8844.00000000082
2022-03-09 13:00:00;8844.15000000048
2022-03-09 14:00:00;8843.666666667634
2022-03-09 15:00:00;8843.406779661618
2022-03-09 16:00:00;8843.966666667331
2022-03-09 17:00:00;8843.458333333889
2022-03-09 18:00:00;8843.135593220994
2022-03-09 19:00:00;8843.232142857803
2022-03-09 20:00:00;8843.071428572452
2022-03-09 21:00:00;8841.275000001038
2022-03-09 22:00:00;8841.528301887918
2022-03-09 23:00:00;8841.62500000129
2022-03-10 00:00:00;8841.260869566284
2022-03-10 01:00:00;8841.884615385601
2022-03-10 02:00:00;8841.283018868362
2022-03-10 03:00:00;8841.807692308586
2022-03-10 04:00:00;8841.73958333438
2022-03-10 05:00:00;8841.550000000982
2022-03-10 06:00:00;8842.372881356696
2022-03-10 07:00:00;8841.866666667509
2022-03-10 08:00:00;8842.275000000745
2022-03-10 09:00:00;8842.850000000586
2022-03-10 10:00:00;8842.85000000053
2022-03-10 11:00:00;8842.701754386702
2022-03-10 12:00:00;8844.22881355999
2022-03-10 13:00:00;8844.59166666732
2022-03-10 14:00:00;8844.552631579685
2022-03-10 15:00:00;8843.844827586656
2022-03-10 16:00:00;8843.196078432056
2022-03-10 17:00:00;8842.950000000563
2022-03-10 18:00:00;8842.854545455266
2022-03-10 19:00:00;8842.133333334179
2022-03-10 20:00:00;8842.050000001065
2022-03-10 21:00:00;8842.925000001038
2022-03-10 22:00:00;8841.326923077502
2022-03-10 23:00:00;8841.771929824907
2022-03-11 00:00:00;8842.194915255272
2022-03-11 01:00:00;8841.919642857874
2022-03-11 02:00:00;8841.150000000845
2022-03-11 03:00:00;8842.990740741343
2022-03-11 04:00:00;8842.298076923411
2022-03-11 05:00:00;8841.903508772479
2022-03-11 06:00:00;8842.330188679849
2022-03-11 07:00:00;8841.058333334111
2022-03-11 08:00:00;8842.583333334147
2022-03-11 09:00:00;8844.533333333931
2022-03-11 10:00:00;8842.583333334233
2022-03-11 11:00:00;8844.816666667633
2022-03-11 12:00:00;8844.925000000738
2022-03-11 13:00:00;8844.966666667586
2022-03-11 14:00:00;8843.947368421925
2022-03-11 15:00:00;8843.700000000514
2022-03-11 16:00:00;8844.350000000752
2022-03-11 17:00:00;8843.483333334078
2022-03-11 18:00:00;8843.691666667475
2022-03-11 19:00:00;8843.150000001095
2022-03-11 20:00:00;8843.586206897735
2022-03-11 21:00:00;8842.625000000706
2022-03-11 22:00:00;8842.89166666697
2022-03-11 23:00:00;8843.575000000263
2022-03-12 00:00:00;8843.612244898362
2022-03-12 01:00:00;8842.991071429235
2022-03-12 02:00:00;8843.355769231415
2022-03-12 03:00:00;8844.718181818522
2022-03-12 04:00:00;8843.288135593766
2022-03-12 05:00:00;8843.533333333791
2022-03-12 06:00:00;8844.100000000797
2022-03-12 07:00:00;8843.781818182682
2022-03-12 08:00:00;8843.796610170299
2022-03-12 09:00:00;8844.116666667542
2022-03-12 10:00:00;8845.658333334291
2022-03-12 11:00:00;8844.133333334343
2022-03-12 12:00:00;8845.766666667452
2022-03-12 13:00:00;8844.990909091326
2022-03-12 14:00:00;8846.178571428734
2022-03-12 15:00:00;8845.45454545478
2022-03-12 16:00:00;8846.5384615394
2022-03-12 17:00:00;8846.362068966348
2022-03-12 18:00:00;8844.850877193776
2022-03-12 19:00:00;8844.341666667568
2022-03-12 20:00:00;8845.444444445617
2022-03-12 21:00:00;8844.709090909688
2022-03-12 22:00:00;8843.346153847036
2022-03-12 23:00:00;8843.383928572226
2022-03-13 00:00:00;8845.645454545747
2022-03-13 01:00:00;8844.409090909749
2022-03-13 02:00:00;8845.072727273417
2022-03-13 03:00:00;8844.660377359278
2022-03-13 04:00:00;8844.827586207606
2022-03-13 05:00:00;8844.633333334254
2022-03-13 06:00:00;8845.583333334187
2022-03-13 07:00:00;8845.15517241451
2022-03-13 08:00:00;8845.091666667231
2022-03-13 09:00:00;8845.387931035346
2022-03-13 10:00:00;8846.581818182438
2022-03-13 11:00:00;8847.192982456827
2022-03-13 12:00:00;8848.280701754866
2022-03-13 13:00:00;8847.316666667388
2022-03-13 14:00:00;8847.308333334262
2022-03-13 15:00:00;8846.93220339075
2022-03-13 16:00:00;8847.350877193403
2022-03-13 17:00:00;8847.152542373628
2022-03-13 18:00:00;8846.587719299006
2022-03-13 19:00:00;8846.575000000563
2022-03-13 20:00:00;8846.370689656176
2022-03-13 21:00:00;8845.811320755194
2022-03-13 22:00:00;8846.25000000087
2022-03-13 23:00:00;8847.25833333423
